t,o,m,value
1820,CHN,Ni,
1820,CHN,Sn,
1820,CHN,Zn,
1820,EU27,Ni,
1820,EU27,Sn,
1820,EU27,Zn,
1820,ROW,Ni,
1820,ROW,Sn,
1820,ROW,Zn,
1821,CHN,Ni,
1821,CHN,Sn,
1821,CHN,Zn,
1821,EU27,Ni,
1821,EU27,Sn,
1821,EU27,Zn,
1821,ROW,Ni,
1821,ROW,Sn,
1821,ROW,Zn,
1822,CHN,Ni,
1822,CHN,Sn,
1822,CHN,Zn,
1822,EU27,Ni,
1822,EU27,Sn,
1822,EU27,Zn,
1822,ROW,Ni,
1822,ROW,Sn,
1822,ROW,Zn,
1823,CHN,Ni,
1823,CHN,Sn,
1823,CHN,Zn,
1823,EU27,Ni,
1823,EU27,Sn,
1823,EU27,Zn,
1823,ROW,Ni,
1823,ROW,Sn,
1823,ROW,Zn,
1824,CHN,Ni,
1824,CHN,Sn,
1824,CHN,Zn,
1824,EU27,Ni,
1824,EU27,Sn,
1824,EU27,Zn,
1824,ROW,Ni,
1824,ROW,Sn,
1824,ROW,Zn,
1825,CHN,Ni,
1825,CHN,Sn,
1825,CHN,Zn,
1825,EU27,Ni,
1825,EU27,Sn,
1825,EU27,Zn,
1825,ROW,Ni,
1825,ROW,Sn,
1825,ROW,Zn,
1826,CHN,Ni,
1826,CHN,Sn,
1826,CHN,Zn,
1826,EU27,Ni,
1826,EU27,Sn,
1826,EU27,Zn,
1826,ROW,Ni,
1826,ROW,Sn,
1826,ROW,Zn,
1827,CHN,Ni,
1827,CHN,Sn,
1827,CHN,Zn,
1827,EU27,Ni,
1827,EU27,Sn,
1827,EU27,Zn,
1827,ROW,Ni,
1827,ROW,Sn,
1827,ROW,Zn,
1828,CHN,Ni,
1828,CHN,Sn,
1828,CHN,Zn,
1828,EU27,Ni,
1828,EU27,Sn,
1828,EU27,Zn,
1828,ROW,Ni,
1828,ROW,Sn,
1828,ROW,Zn,
1829,CHN,Ni,
1829,CHN,Sn,
1829,CHN,Zn,
1829,EU27,Ni,
1829,EU27,Sn,
1829,EU27,Zn,
1829,ROW,Ni,
1829,ROW,Sn,
1829,ROW,Zn,
1830,CHN,Ni,
1830,CHN,Sn,
1830,CHN,Zn,
1830,EU27,Ni,
1830,EU27,Sn,
1830,EU27,Zn,
1830,ROW,Ni,
1830,ROW,Sn,
1830,ROW,Zn,
1831,CHN,Ni,
1831,CHN,Sn,
1831,CHN,Zn,
1831,EU27,Ni,
1831,EU27,Sn,
1831,EU27,Zn,
1831,ROW,Ni,
1831,ROW,Sn,
1831,ROW,Zn,
1832,CHN,Ni,
1832,CHN,Sn,
1832,CHN,Zn,
1832,EU27,Ni,
1832,EU27,Sn,
1832,EU27,Zn,
1832,ROW,Ni,
1832,ROW,Sn,
1832,ROW,Zn,
1833,CHN,Ni,
1833,CHN,Sn,
1833,CHN,Zn,
1833,EU27,Ni,
1833,EU27,Sn,
1833,EU27,Zn,
1833,ROW,Ni,
1833,ROW,Sn,
1833,ROW,Zn,
1834,CHN,Ni,
1834,CHN,Sn,
1834,CHN,Zn,
1834,EU27,Ni,
1834,EU27,Sn,
1834,EU27,Zn,
1834,ROW,Ni,
1834,ROW,Sn,
1834,ROW,Zn,
1835,CHN,Ni,
1835,CHN,Sn,
1835,CHN,Zn,
1835,EU27,Ni,
1835,EU27,Sn,
1835,EU27,Zn,
1835,ROW,Ni,
1835,ROW,Sn,
1835,ROW,Zn,
1836,CHN,Ni,
1836,CHN,Sn,
1836,CHN,Zn,
1836,EU27,Ni,
1836,EU27,Sn,
1836,EU27,Zn,
1836,ROW,Ni,
1836,ROW,Sn,
1836,ROW,Zn,
1837,CHN,Ni,
1837,CHN,Sn,
1837,CHN,Zn,
1837,EU27,Ni,
1837,EU27,Sn,
1837,EU27,Zn,
1837,ROW,Ni,
1837,ROW,Sn,
1837,ROW,Zn,
1838,CHN,Ni,
1838,CHN,Sn,
1838,CHN,Zn,
1838,EU27,Ni,
1838,EU27,Sn,
1838,EU27,Zn,
1838,ROW,Ni,
1838,ROW,Sn,
1838,ROW,Zn,
1839,CHN,Ni,
1839,CHN,Sn,
1839,CHN,Zn,
1839,EU27,Ni,
1839,EU27,Sn,
1839,EU27,Zn,
1839,ROW,Ni,
1839,ROW,Sn,
1839,ROW,Zn,
1840,CHN,Ni,
1840,CHN,Sn,
1840,CHN,Zn,
1840,EU27,Ni,
1840,EU27,Sn,
1840,EU27,Zn,
1840,ROW,Ni,
1840,ROW,Sn,
1840,ROW,Zn,
1841,CHN,Ni,
1841,CHN,Sn,
1841,CHN,Zn,
1841,EU27,Ni,
1841,EU27,Sn,
1841,EU27,Zn,
1841,ROW,Ni,
1841,ROW,Sn,
1841,ROW,Zn,
1842,CHN,Ni,
1842,CHN,Sn,
1842,CHN,Zn,
1842,EU27,Ni,
1842,EU27,Sn,
1842,EU27,Zn,
1842,ROW,Ni,
1842,ROW,Sn,
1842,ROW,Zn,
1843,CHN,Ni,
1843,CHN,Sn,
1843,CHN,Zn,
1843,EU27,Ni,
1843,EU27,Sn,
1843,EU27,Zn,
1843,ROW,Ni,
1843,ROW,Sn,
1843,ROW,Zn,
1844,CHN,Ni,
1844,CHN,Sn,
1844,CHN,Zn,
1844,EU27,Ni,
1844,EU27,Sn,
1844,EU27,Zn,
1844,ROW,Ni,
1844,ROW,Sn,
1844,ROW,Zn,
1845,CHN,Ni,
1845,CHN,Sn,
1845,CHN,Zn,
1845,EU27,Ni,
1845,EU27,Sn,
1845,EU27,Zn,
1845,ROW,Ni,
1845,ROW,Sn,
1845,ROW,Zn,
1846,CHN,Ni,
1846,CHN,Sn,
1846,CHN,Zn,
1846,EU27,Ni,
1846,EU27,Sn,
1846,EU27,Zn,
1846,ROW,Ni,
1846,ROW,Sn,
1846,ROW,Zn,
1847,CHN,Ni,
1847,CHN,Sn,
1847,CHN,Zn,
1847,EU27,Ni,
1847,EU27,Sn,
1847,EU27,Zn,
1847,ROW,Ni,
1847,ROW,Sn,
1847,ROW,Zn,
1848,CHN,Ni,
1848,CHN,Sn,
1848,CHN,Zn,
1848,EU27,Ni,
1848,EU27,Sn,
1848,EU27,Zn,
1848,ROW,Ni,
1848,ROW,Sn,
1848,ROW,Zn,
1849,CHN,Ni,
1849,CHN,Sn,
1849,CHN,Zn,
1849,EU27,Ni,
1849,EU27,Sn,
1849,EU27,Zn,
1849,ROW,Ni,
1849,ROW,Sn,
1849,ROW,Zn,
1850,CHN,Ni,
1850,CHN,Sn,
1850,CHN,Zn,
1850,EU27,Ni,
1850,EU27,Sn,
1850,EU27,Zn,
1850,ROW,Ni,
1850,ROW,Sn,
1850,ROW,Zn,
1851,CHN,Ni,
1851,CHN,Sn,
1851,CHN,Zn,
1851,EU27,Ni,
1851,EU27,Sn,
1851,EU27,Zn,
1851,ROW,Ni,
1851,ROW,Sn,
1851,ROW,Zn,
1852,CHN,Ni,
1852,CHN,Sn,
1852,CHN,Zn,
1852,EU27,Ni,
1852,EU27,Sn,
1852,EU27,Zn,
1852,ROW,Ni,
1852,ROW,Sn,
1852,ROW,Zn,
1853,CHN,Ni,
1853,CHN,Sn,
1853,CHN,Zn,
1853,EU27,Ni,
1853,EU27,Sn,
1853,EU27,Zn,
1853,ROW,Ni,
1853,ROW,Sn,
1853,ROW,Zn,
1854,CHN,Ni,
1854,CHN,Sn,
1854,CHN,Zn,
1854,EU27,Ni,
1854,EU27,Sn,
1854,EU27,Zn,
1854,ROW,Ni,
1854,ROW,Sn,
1854,ROW,Zn,
1855,CHN,Ni,
1855,CHN,Sn,
1855,CHN,Zn,
1855,EU27,Ni,
1855,EU27,Sn,
1855,EU27,Zn,
1855,ROW,Ni,
1855,ROW,Sn,
1855,ROW,Zn,
1856,CHN,Ni,
1856,CHN,Sn,
1856,CHN,Zn,
1856,EU27,Ni,
1856,EU27,Sn,
1856,EU27,Zn,
1856,ROW,Ni,
1856,ROW,Sn,
1856,ROW,Zn,
1857,CHN,Ni,
1857,CHN,Sn,
1857,CHN,Zn,
1857,EU27,Ni,
1857,EU27,Sn,
1857,EU27,Zn,
1857,ROW,Ni,
1857,ROW,Sn,
1857,ROW,Zn,
1858,CHN,Ni,
1858,CHN,Sn,
1858,CHN,Zn,
1858,EU27,Ni,
1858,EU27,Sn,
1858,EU27,Zn,
1858,ROW,Ni,
1858,ROW,Sn,
1858,ROW,Zn,
1859,CHN,Ni,
1859,CHN,Sn,
1859,CHN,Zn,
1859,EU27,Ni,
1859,EU27,Sn,
1859,EU27,Zn,
1859,ROW,Ni,
1859,ROW,Sn,
1859,ROW,Zn,
1860,CHN,Ni,
1860,CHN,Sn,
1860,CHN,Zn,
1860,EU27,Ni,
1860,EU27,Sn,
1860,EU27,Zn,
1860,ROW,Ni,
1860,ROW,Sn,
1860,ROW,Zn,
1861,CHN,Ni,
1861,CHN,Sn,
1861,CHN,Zn,
1861,EU27,Ni,
1861,EU27,Sn,
1861,EU27,Zn,
1861,ROW,Ni,
1861,ROW,Sn,
1861,ROW,Zn,
1862,CHN,Ni,
1862,CHN,Sn,
1862,CHN,Zn,
1862,EU27,Ni,
1862,EU27,Sn,
1862,EU27,Zn,
1862,ROW,Ni,
1862,ROW,Sn,
1862,ROW,Zn,
1863,CHN,Ni,
1863,CHN,Sn,
1863,CHN,Zn,
1863,EU27,Ni,
1863,EU27,Sn,
1863,EU27,Zn,
1863,ROW,Ni,
1863,ROW,Sn,
1863,ROW,Zn,
1864,CHN,Ni,
1864,CHN,Sn,
1864,CHN,Zn,
1864,EU27,Ni,
1864,EU27,Sn,
1864,EU27,Zn,
1864,ROW,Ni,
1864,ROW,Sn,
1864,ROW,Zn,
1865,CHN,Ni,
1865,CHN,Sn,
1865,CHN,Zn,
1865,EU27,Ni,
1865,EU27,Sn,
1865,EU27,Zn,
1865,ROW,Ni,
1865,ROW,Sn,
1865,ROW,Zn,
1866,CHN,Ni,
1866,CHN,Sn,
1866,CHN,Zn,
1866,EU27,Ni,
1866,EU27,Sn,
1866,EU27,Zn,
1866,ROW,Ni,
1866,ROW,Sn,
1866,ROW,Zn,
1867,CHN,Ni,
1867,CHN,Sn,
1867,CHN,Zn,
1867,EU27,Ni,
1867,EU27,Sn,
1867,EU27,Zn,
1867,ROW,Ni,
1867,ROW,Sn,
1867,ROW,Zn,
1868,CHN,Ni,
1868,CHN,Sn,
1868,CHN,Zn,
1868,EU27,Ni,
1868,EU27,Sn,
1868,EU27,Zn,
1868,ROW,Ni,
1868,ROW,Sn,
1868,ROW,Zn,
1869,CHN,Ni,
1869,CHN,Sn,
1869,CHN,Zn,
1869,EU27,Ni,
1869,EU27,Sn,
1869,EU27,Zn,
1869,ROW,Ni,
1869,ROW,Sn,
1869,ROW,Zn,
1870,CHN,Ni,
1870,CHN,Sn,
1870,CHN,Zn,
1870,EU27,Ni,
1870,EU27,Sn,
1870,EU27,Zn,
1870,ROW,Ni,
1870,ROW,Sn,
1870,ROW,Zn,
1871,CHN,Ni,
1871,CHN,Sn,
1871,CHN,Zn,
1871,EU27,Ni,
1871,EU27,Sn,
1871,EU27,Zn,
1871,ROW,Ni,
1871,ROW,Sn,
1871,ROW,Zn,
1872,CHN,Ni,
1872,CHN,Sn,
1872,CHN,Zn,
1872,EU27,Ni,
1872,EU27,Sn,
1872,EU27,Zn,
1872,ROW,Ni,
1872,ROW,Sn,
1872,ROW,Zn,
1873,CHN,Ni,
1873,CHN,Sn,
1873,CHN,Zn,
1873,EU27,Ni,
1873,EU27,Sn,
1873,EU27,Zn,
1873,ROW,Ni,
1873,ROW,Sn,
1873,ROW,Zn,
1874,CHN,Ni,
1874,CHN,Sn,
1874,CHN,Zn,
1874,EU27,Ni,
1874,EU27,Sn,
1874,EU27,Zn,
1874,ROW,Ni,
1874,ROW,Sn,
1874,ROW,Zn,
1875,CHN,Ni,
1875,CHN,Sn,
1875,CHN,Zn,
1875,EU27,Ni,
1875,EU27,Sn,
1875,EU27,Zn,
1875,ROW,Ni,
1875,ROW,Sn,
1875,ROW,Zn,
1876,CHN,Ni,
1876,CHN,Sn,
1876,CHN,Zn,
1876,EU27,Ni,
1876,EU27,Sn,
1876,EU27,Zn,
1876,ROW,Ni,
1876,ROW,Sn,
1876,ROW,Zn,
1877,CHN,Ni,
1877,CHN,Sn,
1877,CHN,Zn,
1877,EU27,Ni,
1877,EU27,Sn,
1877,EU27,Zn,
1877,ROW,Ni,
1877,ROW,Sn,
1877,ROW,Zn,
1878,CHN,Ni,
1878,CHN,Sn,
1878,CHN,Zn,
1878,EU27,Ni,
1878,EU27,Sn,
1878,EU27,Zn,
1878,ROW,Ni,
1878,ROW,Sn,
1878,ROW,Zn,
1879,CHN,Ni,
1879,CHN,Sn,
1879,CHN,Zn,
1879,EU27,Ni,
1879,EU27,Sn,
1879,EU27,Zn,
1879,ROW,Ni,
1879,ROW,Sn,
1879,ROW,Zn,
1880,CHN,Ni,
1880,CHN,Sn,
1880,CHN,Zn,
1880,EU27,Ni,
1880,EU27,Sn,
1880,EU27,Zn,
1880,ROW,Ni,
1880,ROW,Sn,
1880,ROW,Zn,
1881,CHN,Ni,
1881,CHN,Sn,
1881,CHN,Zn,
1881,EU27,Ni,
1881,EU27,Sn,
1881,EU27,Zn,
1881,ROW,Ni,
1881,ROW,Sn,
1881,ROW,Zn,
1882,CHN,Ni,
1882,CHN,Sn,
1882,CHN,Zn,
1882,EU27,Ni,
1882,EU27,Sn,
1882,EU27,Zn,
1882,ROW,Ni,
1882,ROW,Sn,
1882,ROW,Zn,
1883,CHN,Ni,
1883,CHN,Sn,
1883,CHN,Zn,
1883,EU27,Ni,
1883,EU27,Sn,
1883,EU27,Zn,
1883,ROW,Ni,
1883,ROW,Sn,
1883,ROW,Zn,
1884,CHN,Ni,
1884,CHN,Sn,
1884,CHN,Zn,
1884,EU27,Ni,
1884,EU27,Sn,
1884,EU27,Zn,
1884,ROW,Ni,
1884,ROW,Sn,
1884,ROW,Zn,
1885,CHN,Ni,
1885,CHN,Sn,
1885,CHN,Zn,
1885,EU27,Ni,
1885,EU27,Sn,
1885,EU27,Zn,
1885,ROW,Ni,
1885,ROW,Sn,
1885,ROW,Zn,
1886,CHN,Ni,
1886,CHN,Sn,
1886,CHN,Zn,
1886,EU27,Ni,
1886,EU27,Sn,
1886,EU27,Zn,
1886,ROW,Ni,
1886,ROW,Sn,
1886,ROW,Zn,
1887,CHN,Ni,
1887,CHN,Sn,
1887,CHN,Zn,
1887,EU27,Ni,
1887,EU27,Sn,
1887,EU27,Zn,
1887,ROW,Ni,
1887,ROW,Sn,
1887,ROW,Zn,
1888,CHN,Ni,
1888,CHN,Sn,
1888,CHN,Zn,
1888,EU27,Ni,
1888,EU27,Sn,
1888,EU27,Zn,
1888,ROW,Ni,
1888,ROW,Sn,
1888,ROW,Zn,
1889,CHN,Ni,
1889,CHN,Sn,
1889,CHN,Zn,
1889,EU27,Ni,
1889,EU27,Sn,
1889,EU27,Zn,
1889,ROW,Ni,
1889,ROW,Sn,
1889,ROW,Zn,
1890,CHN,Ni,
1890,CHN,Sn,
1890,CHN,Zn,
1890,EU27,Ni,
1890,EU27,Sn,
1890,EU27,Zn,
1890,ROW,Ni,
1890,ROW,Sn,
1890,ROW,Zn,
1891,CHN,Ni,
1891,CHN,Sn,
1891,CHN,Zn,
1891,EU27,Ni,
1891,EU27,Sn,
1891,EU27,Zn,
1891,ROW,Ni,
1891,ROW,Sn,
1891,ROW,Zn,
1892,CHN,Ni,
1892,CHN,Sn,
1892,CHN,Zn,
1892,EU27,Ni,
1892,EU27,Sn,
1892,EU27,Zn,
1892,ROW,Ni,
1892,ROW,Sn,
1892,ROW,Zn,
1893,CHN,Ni,
1893,CHN,Sn,
1893,CHN,Zn,
1893,EU27,Ni,
1893,EU27,Sn,
1893,EU27,Zn,
1893,ROW,Ni,
1893,ROW,Sn,
1893,ROW,Zn,
1894,CHN,Ni,
1894,CHN,Sn,
1894,CHN,Zn,
1894,EU27,Ni,
1894,EU27,Sn,
1894,EU27,Zn,
1894,ROW,Ni,
1894,ROW,Sn,
1894,ROW,Zn,
1895,CHN,Ni,
1895,CHN,Sn,
1895,CHN,Zn,
1895,EU27,Ni,
1895,EU27,Sn,
1895,EU27,Zn,
1895,ROW,Ni,
1895,ROW,Sn,
1895,ROW,Zn,
1896,CHN,Ni,
1896,CHN,Sn,
1896,CHN,Zn,
1896,EU27,Ni,
1896,EU27,Sn,
1896,EU27,Zn,
1896,ROW,Ni,
1896,ROW,Sn,
1896,ROW,Zn,
1897,CHN,Ni,
1897,CHN,Sn,
1897,CHN,Zn,
1897,EU27,Ni,
1897,EU27,Sn,
1897,EU27,Zn,
1897,ROW,Ni,
1897,ROW,Sn,
1897,ROW,Zn,
1898,CHN,Ni,
1898,CHN,Sn,
1898,CHN,Zn,
1898,EU27,Ni,
1898,EU27,Sn,
1898,EU27,Zn,
1898,ROW,Ni,
1898,ROW,Sn,
1898,ROW,Zn,
1899,CHN,Ni,
1899,CHN,Sn,
1899,CHN,Zn,
1899,EU27,Ni,
1899,EU27,Sn,
1899,EU27,Zn,
1899,ROW,Ni,
1899,ROW,Sn,
1899,ROW,Zn,
1900,CHN,Ni,
1900,CHN,Sn,
1900,CHN,Zn,
1900,EU27,Ni,
1900,EU27,Sn,
1900,EU27,Zn,
1900,ROW,Ni,
1900,ROW,Sn,
1900,ROW,Zn,
1901,CHN,Ni,
1901,CHN,Sn,
1901,CHN,Zn,
1901,EU27,Ni,
1901,EU27,Sn,
1901,EU27,Zn,
1901,ROW,Ni,
1901,ROW,Sn,
1901,ROW,Zn,
1902,CHN,Ni,
1902,CHN,Sn,
1902,CHN,Zn,
1902,EU27,Ni,
1902,EU27,Sn,
1902,EU27,Zn,
1902,ROW,Ni,
1902,ROW,Sn,
1902,ROW,Zn,
1903,CHN,Ni,
1903,CHN,Sn,
1903,CHN,Zn,
1903,EU27,Ni,
1903,EU27,Sn,
1903,EU27,Zn,
1903,ROW,Ni,
1903,ROW,Sn,
1903,ROW,Zn,
1904,CHN,Ni,
1904,CHN,Sn,
1904,CHN,Zn,
1904,EU27,Ni,
1904,EU27,Sn,
1904,EU27,Zn,
1904,ROW,Ni,
1904,ROW,Sn,
1904,ROW,Zn,
1905,CHN,Ni,
1905,CHN,Sn,
1905,CHN,Zn,
1905,EU27,Ni,
1905,EU27,Sn,
1905,EU27,Zn,
1905,ROW,Ni,
1905,ROW,Sn,
1905,ROW,Zn,
1906,CHN,Ni,
1906,CHN,Sn,
1906,CHN,Zn,
1906,EU27,Ni,
1906,EU27,Sn,
1906,EU27,Zn,
1906,ROW,Ni,
1906,ROW,Sn,
1906,ROW,Zn,
1907,CHN,Ni,
1907,CHN,Sn,
1907,CHN,Zn,
1907,EU27,Ni,
1907,EU27,Sn,
1907,EU27,Zn,
1907,ROW,Ni,
1907,ROW,Sn,
1907,ROW,Zn,
1908,CHN,Ni,
1908,CHN,Sn,
1908,CHN,Zn,
1908,EU27,Ni,
1908,EU27,Sn,
1908,EU27,Zn,
1908,ROW,Ni,
1908,ROW,Sn,
1908,ROW,Zn,
1909,CHN,Ni,
1909,CHN,Sn,
1909,CHN,Zn,
1909,EU27,Ni,
1909,EU27,Sn,
1909,EU27,Zn,
1909,ROW,Ni,
1909,ROW,Sn,
1909,ROW,Zn,
1910,CHN,Ni,
1910,CHN,Sn,
1910,CHN,Zn,
1910,EU27,Ni,
1910,EU27,Sn,
1910,EU27,Zn,
1910,ROW,Ni,
1910,ROW,Sn,
1910,ROW,Zn,
1911,CHN,Ni,
1911,CHN,Sn,
1911,CHN,Zn,
1911,EU27,Ni,
1911,EU27,Sn,
1911,EU27,Zn,
1911,ROW,Ni,
1911,ROW,Sn,
1911,ROW,Zn,
1912,CHN,Ni,
1912,CHN,Sn,
1912,CHN,Zn,
1912,EU27,Ni,
1912,EU27,Sn,
1912,EU27,Zn,
1912,ROW,Ni,
1912,ROW,Sn,
1912,ROW,Zn,
1913,CHN,Ni,
1913,CHN,Sn,
1913,CHN,Zn,
1913,EU27,Ni,
1913,EU27,Sn,
1913,EU27,Zn,
1913,ROW,Ni,
1913,ROW,Sn,
1913,ROW,Zn,
1914,CHN,Ni,
1914,CHN,Sn,
1914,CHN,Zn,
1914,EU27,Ni,
1914,EU27,Sn,
1914,EU27,Zn,
1914,ROW,Ni,
1914,ROW,Sn,
1914,ROW,Zn,
1915,CHN,Ni,
1915,CHN,Sn,
1915,CHN,Zn,
1915,EU27,Ni,
1915,EU27,Sn,
1915,EU27,Zn,
1915,ROW,Ni,
1915,ROW,Sn,
1915,ROW,Zn,
1916,CHN,Ni,
1916,CHN,Sn,
1916,CHN,Zn,
1916,EU27,Ni,
1916,EU27,Sn,
1916,EU27,Zn,
1916,ROW,Ni,
1916,ROW,Sn,
1916,ROW,Zn,
1917,CHN,Ni,
1917,CHN,Sn,
1917,CHN,Zn,
1917,EU27,Ni,
1917,EU27,Sn,
1917,EU27,Zn,
1917,ROW,Ni,
1917,ROW,Sn,
1917,ROW,Zn,
1918,CHN,Ni,
1918,CHN,Sn,
1918,CHN,Zn,
1918,EU27,Ni,
1918,EU27,Sn,
1918,EU27,Zn,
1918,ROW,Ni,
1918,ROW,Sn,
1918,ROW,Zn,
1919,CHN,Ni,
1919,CHN,Sn,
1919,CHN,Zn,
1919,EU27,Ni,
1919,EU27,Sn,
1919,EU27,Zn,
1919,ROW,Ni,
1919,ROW,Sn,
1919,ROW,Zn,
1920,CHN,Ni,
1920,CHN,Sn,
1920,CHN,Zn,
1920,EU27,Ni,
1920,EU27,Sn,
1920,EU27,Zn,
1920,ROW,Ni,
1920,ROW,Sn,
1920,ROW,Zn,
1921,CHN,Ni,
1921,CHN,Sn,
1921,CHN,Zn,
1921,EU27,Ni,
1921,EU27,Sn,
1921,EU27,Zn,
1921,ROW,Ni,
1921,ROW,Sn,
1921,ROW,Zn,
1922,CHN,Ni,
1922,CHN,Sn,
1922,CHN,Zn,
1922,EU27,Ni,
1922,EU27,Sn,
1922,EU27,Zn,
1922,ROW,Ni,
1922,ROW,Sn,
1922,ROW,Zn,
1923,CHN,Ni,
1923,CHN,Sn,
1923,CHN,Zn,
1923,EU27,Ni,
1923,EU27,Sn,
1923,EU27,Zn,
1923,ROW,Ni,
1923,ROW,Sn,
1923,ROW,Zn,
1924,CHN,Ni,
1924,CHN,Sn,
1924,CHN,Zn,
1924,EU27,Ni,
1924,EU27,Sn,
1924,EU27,Zn,
1924,ROW,Ni,
1924,ROW,Sn,
1924,ROW,Zn,
1925,CHN,Ni,
1925,CHN,Sn,
1925,CHN,Zn,
1925,EU27,Ni,
1925,EU27,Sn,
1925,EU27,Zn,
1925,ROW,Ni,
1925,ROW,Sn,
1925,ROW,Zn,
1926,CHN,Ni,
1926,CHN,Sn,
1926,CHN,Zn,
1926,EU27,Ni,
1926,EU27,Sn,
1926,EU27,Zn,
1926,ROW,Ni,
1926,ROW,Sn,
1926,ROW,Zn,
1927,CHN,Ni,
1927,CHN,Sn,
1927,CHN,Zn,
1927,EU27,Ni,
1927,EU27,Sn,
1927,EU27,Zn,
1927,ROW,Ni,
1927,ROW,Sn,
1927,ROW,Zn,
1928,CHN,Ni,
1928,CHN,Sn,
1928,CHN,Zn,
1928,EU27,Ni,
1928,EU27,Sn,
1928,EU27,Zn,
1928,ROW,Ni,
1928,ROW,Sn,
1928,ROW,Zn,
1929,CHN,Ni,
1929,CHN,Sn,
1929,CHN,Zn,
1929,EU27,Ni,
1929,EU27,Sn,
1929,EU27,Zn,
1929,ROW,Ni,
1929,ROW,Sn,
1929,ROW,Zn,
1930,CHN,Ni,
1930,CHN,Sn,
1930,CHN,Zn,
1930,EU27,Ni,
1930,EU27,Sn,
1930,EU27,Zn,
1930,ROW,Ni,
1930,ROW,Sn,
1930,ROW,Zn,
1931,CHN,Ni,
1931,CHN,Sn,
1931,CHN,Zn,
1931,EU27,Ni,
1931,EU27,Sn,
1931,EU27,Zn,
1931,ROW,Ni,
1931,ROW,Sn,
1931,ROW,Zn,
1932,CHN,Ni,
1932,CHN,Sn,
1932,CHN,Zn,
1932,EU27,Ni,
1932,EU27,Sn,
1932,EU27,Zn,
1932,ROW,Ni,
1932,ROW,Sn,
1932,ROW,Zn,
1933,CHN,Ni,
1933,CHN,Sn,
1933,CHN,Zn,
1933,EU27,Ni,
1933,EU27,Sn,
1933,EU27,Zn,
1933,ROW,Ni,
1933,ROW,Sn,
1933,ROW,Zn,
1934,CHN,Ni,
1934,CHN,Sn,
1934,CHN,Zn,
1934,EU27,Ni,
1934,EU27,Sn,
1934,EU27,Zn,
1934,ROW,Ni,
1934,ROW,Sn,
1934,ROW,Zn,
1935,CHN,Ni,
1935,CHN,Sn,
1935,CHN,Zn,
1935,EU27,Ni,
1935,EU27,Sn,
1935,EU27,Zn,
1935,ROW,Ni,
1935,ROW,Sn,
1935,ROW,Zn,
1936,CHN,Ni,
1936,CHN,Sn,
1936,CHN,Zn,
1936,EU27,Ni,
1936,EU27,Sn,
1936,EU27,Zn,
1936,ROW,Ni,
1936,ROW,Sn,
1936,ROW,Zn,
1937,CHN,Ni,
1937,CHN,Sn,
1937,CHN,Zn,
1937,EU27,Ni,
1937,EU27,Sn,
1937,EU27,Zn,
1937,ROW,Ni,
1937,ROW,Sn,
1937,ROW,Zn,
1938,CHN,Ni,
1938,CHN,Sn,
1938,CHN,Zn,
1938,EU27,Ni,
1938,EU27,Sn,
1938,EU27,Zn,
1938,ROW,Ni,
1938,ROW,Sn,
1938,ROW,Zn,
1939,CHN,Ni,
1939,CHN,Sn,
1939,CHN,Zn,
1939,EU27,Ni,
1939,EU27,Sn,
1939,EU27,Zn,
1939,ROW,Ni,
1939,ROW,Sn,
1939,ROW,Zn,
1940,CHN,Ni,
1940,CHN,Sn,
1940,CHN,Zn,
1940,EU27,Ni,
1940,EU27,Sn,
1940,EU27,Zn,
1940,ROW,Ni,
1940,ROW,Sn,
1940,ROW,Zn,
1941,CHN,Ni,
1941,CHN,Sn,
1941,CHN,Zn,
1941,EU27,Ni,
1941,EU27,Sn,
1941,EU27,Zn,
1941,ROW,Ni,
1941,ROW,Sn,
1941,ROW,Zn,
1942,CHN,Ni,
1942,CHN,Sn,
1942,CHN,Zn,
1942,EU27,Ni,
1942,EU27,Sn,
1942,EU27,Zn,
1942,ROW,Ni,
1942,ROW,Sn,
1942,ROW,Zn,
1943,CHN,Ni,
1943,CHN,Sn,
1943,CHN,Zn,
1943,EU27,Ni,
1943,EU27,Sn,
1943,EU27,Zn,
1943,ROW,Ni,
1943,ROW,Sn,
1943,ROW,Zn,
1944,CHN,Ni,
1944,CHN,Sn,
1944,CHN,Zn,
1944,EU27,Ni,
1944,EU27,Sn,
1944,EU27,Zn,
1944,ROW,Ni,
1944,ROW,Sn,
1944,ROW,Zn,
1945,CHN,Ni,
1945,CHN,Sn,
1945,CHN,Zn,
1945,EU27,Ni,
1945,EU27,Sn,
1945,EU27,Zn,
1945,ROW,Ni,
1945,ROW,Sn,
1945,ROW,Zn,
1946,CHN,Ni,
1946,CHN,Sn,
1946,CHN,Zn,
1946,EU27,Ni,
1946,EU27,Sn,
1946,EU27,Zn,
1946,ROW,Ni,
1946,ROW,Sn,
1946,ROW,Zn,
1947,CHN,Ni,
1947,CHN,Sn,
1947,CHN,Zn,
1947,EU27,Ni,
1947,EU27,Sn,
1947,EU27,Zn,
1947,ROW,Ni,
1947,ROW,Sn,
1947,ROW,Zn,
1948,CHN,Ni,
1948,CHN,Sn,
1948,CHN,Zn,
1948,EU27,Ni,
1948,EU27,Sn,
1948,EU27,Zn,
1948,ROW,Ni,
1948,ROW,Sn,
1948,ROW,Zn,
1949,CHN,Ni,
1949,CHN,Sn,
1949,CHN,Zn,
1949,EU27,Ni,
1949,EU27,Sn,
1949,EU27,Zn,
1949,ROW,Ni,
1949,ROW,Sn,
1949,ROW,Zn,
1950,CHN,Ni,
1950,CHN,Sn,
1950,CHN,Zn,
1950,EU27,Ni,
1950,EU27,Sn,
1950,EU27,Zn,
1950,ROW,Ni,
1950,ROW,Sn,
1950,ROW,Zn,
1951,CHN,Ni,
1951,CHN,Sn,
1951,CHN,Zn,
1951,EU27,Ni,
1951,EU27,Sn,
1951,EU27,Zn,
1951,ROW,Ni,
1951,ROW,Sn,
1951,ROW,Zn,
1952,CHN,Ni,
1952,CHN,Sn,
1952,CHN,Zn,
1952,EU27,Ni,
1952,EU27,Sn,
1952,EU27,Zn,
1952,ROW,Ni,
1952,ROW,Sn,
1952,ROW,Zn,
1953,CHN,Ni,
1953,CHN,Sn,
1953,CHN,Zn,
1953,EU27,Ni,
1953,EU27,Sn,
1953,EU27,Zn,
1953,ROW,Ni,
1953,ROW,Sn,
1953,ROW,Zn,
1954,CHN,Ni,
1954,CHN,Sn,
1954,CHN,Zn,
1954,EU27,Ni,
1954,EU27,Sn,
1954,EU27,Zn,
1954,ROW,Ni,
1954,ROW,Sn,
1954,ROW,Zn,
1955,CHN,Ni,
1955,CHN,Sn,
1955,CHN,Zn,
1955,EU27,Ni,
1955,EU27,Sn,
1955,EU27,Zn,
1955,ROW,Ni,
1955,ROW,Sn,
1955,ROW,Zn,
1956,CHN,Ni,
1956,CHN,Sn,
1956,CHN,Zn,
1956,EU27,Ni,
1956,EU27,Sn,
1956,EU27,Zn,
1956,ROW,Ni,
1956,ROW,Sn,
1956,ROW,Zn,
1957,CHN,Ni,
1957,CHN,Sn,
1957,CHN,Zn,
1957,EU27,Ni,
1957,EU27,Sn,
1957,EU27,Zn,
1957,ROW,Ni,
1957,ROW,Sn,
1957,ROW,Zn,
1958,CHN,Ni,
1958,CHN,Sn,
1958,CHN,Zn,
1958,EU27,Ni,
1958,EU27,Sn,
1958,EU27,Zn,
1958,ROW,Ni,
1958,ROW,Sn,
1958,ROW,Zn,
1959,CHN,Ni,
1959,CHN,Sn,
1959,CHN,Zn,
1959,EU27,Ni,
1959,EU27,Sn,
1959,EU27,Zn,
1959,ROW,Ni,
1959,ROW,Sn,
1959,ROW,Zn,
1960,CHN,Ni,
1960,CHN,Sn,
1960,CHN,Zn,
1960,EU27,Ni,
1960,EU27,Sn,
1960,EU27,Zn,
1960,ROW,Ni,
1960,ROW,Sn,
1960,ROW,Zn,
1961,CHN,Ni,
1961,CHN,Sn,
1961,CHN,Zn,
1961,EU27,Ni,
1961,EU27,Sn,
1961,EU27,Zn,
1961,ROW,Ni,
1961,ROW,Sn,
1961,ROW,Zn,
1962,CHN,Ni,
1962,CHN,Sn,
1962,CHN,Zn,
1962,EU27,Ni,
1962,EU27,Sn,
1962,EU27,Zn,
1962,ROW,Ni,
1962,ROW,Sn,
1962,ROW,Zn,
1963,CHN,Ni,
1963,CHN,Sn,
1963,CHN,Zn,
1963,EU27,Ni,
1963,EU27,Sn,
1963,EU27,Zn,
1963,ROW,Ni,
1963,ROW,Sn,
1963,ROW,Zn,
1964,CHN,Ni,
1964,CHN,Sn,
1964,CHN,Zn,
1964,EU27,Ni,
1964,EU27,Sn,
1964,EU27,Zn,
1964,ROW,Ni,
1964,ROW,Sn,
1964,ROW,Zn,
1965,CHN,Ni,
1965,CHN,Sn,
1965,CHN,Zn,
1965,EU27,Ni,
1965,EU27,Sn,
1965,EU27,Zn,
1965,ROW,Ni,
1965,ROW,Sn,
1965,ROW,Zn,
1966,CHN,Ni,
1966,CHN,Sn,
1966,CHN,Zn,
1966,EU27,Ni,
1966,EU27,Sn,
1966,EU27,Zn,
1966,ROW,Ni,
1966,ROW,Sn,
1966,ROW,Zn,
1967,CHN,Ni,
1967,CHN,Sn,
1967,CHN,Zn,
1967,EU27,Ni,
1967,EU27,Sn,
1967,EU27,Zn,
1967,ROW,Ni,
1967,ROW,Sn,
1967,ROW,Zn,
1968,CHN,Ni,
1968,CHN,Sn,
1968,CHN,Zn,
1968,EU27,Ni,
1968,EU27,Sn,
1968,EU27,Zn,
1968,ROW,Ni,
1968,ROW,Sn,
1968,ROW,Zn,
1969,CHN,Ni,
1969,CHN,Sn,
1969,CHN,Zn,
1969,EU27,Ni,
1969,EU27,Sn,
1969,EU27,Zn,
1969,ROW,Ni,
1969,ROW,Sn,
1969,ROW,Zn,
1970,CHN,Ni,
1970,CHN,Sn,
1970,CHN,Zn,
1970,EU27,Ni,
1970,EU27,Sn,
1970,EU27,Zn,
1970,ROW,Ni,
1970,ROW,Sn,
1970,ROW,Zn,
1971,CHN,Ni,
1971,CHN,Sn,
1971,CHN,Zn,
1971,EU27,Ni,
1971,EU27,Sn,
1971,EU27,Zn,
1971,ROW,Ni,
1971,ROW,Sn,
1971,ROW,Zn,
1972,CHN,Ni,
1972,CHN,Sn,
1972,CHN,Zn,
1972,EU27,Ni,
1972,EU27,Sn,
1972,EU27,Zn,
1972,ROW,Ni,
1972,ROW,Sn,
1972,ROW,Zn,
1973,CHN,Ni,
1973,CHN,Sn,
1973,CHN,Zn,
1973,EU27,Ni,
1973,EU27,Sn,
1973,EU27,Zn,
1973,ROW,Ni,
1973,ROW,Sn,
1973,ROW,Zn,
1974,CHN,Ni,
1974,CHN,Sn,
1974,CHN,Zn,
1974,EU27,Ni,
1974,EU27,Sn,
1974,EU27,Zn,
1974,ROW,Ni,
1974,ROW,Sn,
1974,ROW,Zn,
1975,CHN,Ni,
1975,CHN,Sn,
1975,CHN,Zn,
1975,EU27,Ni,
1975,EU27,Sn,
1975,EU27,Zn,
1975,ROW,Ni,
1975,ROW,Sn,
1975,ROW,Zn,
1976,CHN,Ni,
1976,CHN,Sn,
1976,CHN,Zn,
1976,EU27,Ni,
1976,EU27,Sn,
1976,EU27,Zn,
1976,ROW,Ni,
1976,ROW,Sn,
1976,ROW,Zn,
1977,CHN,Ni,
1977,CHN,Sn,
1977,CHN,Zn,
1977,EU27,Ni,
1977,EU27,Sn,
1977,EU27,Zn,
1977,ROW,Ni,
1977,ROW,Sn,
1977,ROW,Zn,
1978,CHN,Ni,
1978,CHN,Sn,
1978,CHN,Zn,
1978,EU27,Ni,
1978,EU27,Sn,
1978,EU27,Zn,
1978,ROW,Ni,
1978,ROW,Sn,
1978,ROW,Zn,
1979,CHN,Ni,
1979,CHN,Sn,
1979,CHN,Zn,
1979,EU27,Ni,
1979,EU27,Sn,
1979,EU27,Zn,
1979,ROW,Ni,
1979,ROW,Sn,
1979,ROW,Zn,
1980,CHN,Ni,
1980,CHN,Sn,
1980,CHN,Zn,
1980,EU27,Ni,
1980,EU27,Sn,
1980,EU27,Zn,
1980,ROW,Ni,
1980,ROW,Sn,
1980,ROW,Zn,
1981,CHN,Ni,
1981,CHN,Sn,
1981,CHN,Zn,
1981,EU27,Ni,
1981,EU27,Sn,
1981,EU27,Zn,
1981,ROW,Ni,
1981,ROW,Sn,
1981,ROW,Zn,
1982,CHN,Ni,
1982,CHN,Sn,
1982,CHN,Zn,
1982,EU27,Ni,
1982,EU27,Sn,
1982,EU27,Zn,
1982,ROW,Ni,
1982,ROW,Sn,
1982,ROW,Zn,
1983,CHN,Ni,
1983,CHN,Sn,
1983,CHN,Zn,
1983,EU27,Ni,
1983,EU27,Sn,
1983,EU27,Zn,
1983,ROW,Ni,
1983,ROW,Sn,
1983,ROW,Zn,
1984,CHN,Ni,
1984,CHN,Sn,
1984,CHN,Zn,
1984,EU27,Ni,
1984,EU27,Sn,
1984,EU27,Zn,
1984,ROW,Ni,
1984,ROW,Sn,
1984,ROW,Zn,
1985,CHN,Ni,
1985,CHN,Sn,
1985,CHN,Zn,
1985,EU27,Ni,
1985,EU27,Sn,
1985,EU27,Zn,
1985,ROW,Ni,
1985,ROW,Sn,
1985,ROW,Zn,
1986,CHN,Ni,
1986,CHN,Sn,
1986,CHN,Zn,
1986,EU27,Ni,
1986,EU27,Sn,
1986,EU27,Zn,
1986,ROW,Ni,
1986,ROW,Sn,
1986,ROW,Zn,
1987,CHN,Ni,
1987,CHN,Sn,
1987,CHN,Zn,
1987,EU27,Ni,
1987,EU27,Sn,
1987,EU27,Zn,
1987,ROW,Ni,
1987,ROW,Sn,
1987,ROW,Zn,
1988,CHN,Ni,
1988,CHN,Sn,
1988,CHN,Zn,
1988,EU27,Ni,
1988,EU27,Sn,
1988,EU27,Zn,
1988,ROW,Ni,
1988,ROW,Sn,
1988,ROW,Zn,
1989,CHN,Ni,
1989,CHN,Sn,
1989,CHN,Zn,
1989,EU27,Ni,
1989,EU27,Sn,
1989,EU27,Zn,
1989,ROW,Ni,
1989,ROW,Sn,
1989,ROW,Zn,
1990,CHN,Ni,
1990,CHN,Sn,
1990,CHN,Zn,
1990,EU27,Ni,
1990,EU27,Sn,
1990,EU27,Zn,
1990,ROW,Ni,
1990,ROW,Sn,
1990,ROW,Zn,
1991,CHN,Ni,
1991,CHN,Sn,
1991,CHN,Zn,
1991,EU27,Ni,
1991,EU27,Sn,
1991,EU27,Zn,
1991,ROW,Ni,
1991,ROW,Sn,
1991,ROW,Zn,
1992,CHN,Ni,
1992,CHN,Sn,
1992,CHN,Zn,
1992,EU27,Ni,
1992,EU27,Sn,
1992,EU27,Zn,
1992,ROW,Ni,
1992,ROW,Sn,
1992,ROW,Zn,
1993,CHN,Ni,
1993,CHN,Sn,
1993,CHN,Zn,
1993,EU27,Ni,
1993,EU27,Sn,
1993,EU27,Zn,
1993,ROW,Ni,
1993,ROW,Sn,
1993,ROW,Zn,
1994,CHN,Ni,
1994,CHN,Sn,
1994,CHN,Zn,
1994,EU27,Ni,
1994,EU27,Sn,
1994,EU27,Zn,
1994,ROW,Ni,
1994,ROW,Sn,
1994,ROW,Zn,
1995,CHN,Ni,
1995,CHN,Sn,
1995,CHN,Zn,
1995,EU27,Ni,
1995,EU27,Sn,
1995,EU27,Zn,
1995,ROW,Ni,
1995,ROW,Sn,
1995,ROW,Zn,
1996,CHN,Ni,
1996,CHN,Sn,
1996,CHN,Zn,
1996,EU27,Ni,
1996,EU27,Sn,
1996,EU27,Zn,
1996,ROW,Ni,
1996,ROW,Sn,
1996,ROW,Zn,
1997,CHN,Ni,
1997,CHN,Sn,
1997,CHN,Zn,
1997,EU27,Ni,
1997,EU27,Sn,
1997,EU27,Zn,
1997,ROW,Ni,
1997,ROW,Sn,
1997,ROW,Zn,
1998,CHN,Ni,
1998,CHN,Sn,
1998,CHN,Zn,
1998,EU27,Ni,
1998,EU27,Sn,
1998,EU27,Zn,
1998,ROW,Ni,
1998,ROW,Sn,
1998,ROW,Zn,
1999,CHN,Ni,
1999,CHN,Sn,
1999,CHN,Zn,
1999,EU27,Ni,
1999,EU27,Sn,
1999,EU27,Zn,
1999,ROW,Ni,
1999,ROW,Sn,
1999,ROW,Zn,
2000,CHN,Ni,
2000,CHN,Sn,
2000,CHN,Zn,
2000,EU27,Ni,
2000,EU27,Sn,
2000,EU27,Zn,
2000,ROW,Ni,
2000,ROW,Sn,
2000,ROW,Zn,
2001,CHN,Ni,
2001,CHN,Sn,
2001,CHN,Zn,
2001,EU27,Ni,
2001,EU27,Sn,
2001,EU27,Zn,
2001,ROW,Ni,
2001,ROW,Sn,
2001,ROW,Zn,
2002,CHN,Ni,
2002,CHN,Sn,
2002,CHN,Zn,
2002,EU27,Ni,
2002,EU27,Sn,
2002,EU27,Zn,
2002,ROW,Ni,
2002,ROW,Sn,
2002,ROW,Zn,
2003,CHN,Ni,
2003,CHN,Sn,
2003,CHN,Zn,
2003,EU27,Ni,
2003,EU27,Sn,
2003,EU27,Zn,
2003,ROW,Ni,
2003,ROW,Sn,
2003,ROW,Zn,
2004,CHN,Ni,
2004,CHN,Sn,
2004,CHN,Zn,
2004,EU27,Ni,
2004,EU27,Sn,
2004,EU27,Zn,
2004,ROW,Ni,
2004,ROW,Sn,
2004,ROW,Zn,
2005,CHN,Ni,
2005,CHN,Sn,
2005,CHN,Zn,
2005,EU27,Ni,
2005,EU27,Sn,
2005,EU27,Zn,
2005,ROW,Ni,
2005,ROW,Sn,
2005,ROW,Zn,
2006,CHN,Ni,
2006,CHN,Sn,
2006,CHN,Zn,
2006,EU27,Ni,
2006,EU27,Sn,
2006,EU27,Zn,
2006,ROW,Ni,
2006,ROW,Sn,
2006,ROW,Zn,
2007,CHN,Ni,
2007,CHN,Sn,
2007,CHN,Zn,
2007,EU27,Ni,
2007,EU27,Sn,
2007,EU27,Zn,
2007,ROW,Ni,
2007,ROW,Sn,
2007,ROW,Zn,
2008,CHN,Ni,
2008,CHN,Sn,
2008,CHN,Zn,
2008,EU27,Ni,
2008,EU27,Sn,
2008,EU27,Zn,
2008,ROW,Ni,
2008,ROW,Sn,
2008,ROW,Zn,
2009,CHN,Ni,
2009,CHN,Sn,
2009,CHN,Zn,
2009,EU27,Ni,
2009,EU27,Sn,
2009,EU27,Zn,
2009,ROW,Ni,
2009,ROW,Sn,
2009,ROW,Zn,
2010,CHN,Ni,
2010,CHN,Sn,
2010,CHN,Zn,
2010,EU27,Ni,
2010,EU27,Sn,
2010,EU27,Zn,
2010,ROW,Ni,
2010,ROW,Sn,
2010,ROW,Zn,
2011,CHN,Ni,
2011,CHN,Sn,
2011,CHN,Zn,
2011,EU27,Ni,
2011,EU27,Sn,
2011,EU27,Zn,
2011,ROW,Ni,
2011,ROW,Sn,
2011,ROW,Zn,
2012,CHN,Ni,
2012,CHN,Sn,
2012,CHN,Zn,
2012,EU27,Ni,
2012,EU27,Sn,
2012,EU27,Zn,
2012,ROW,Ni,
2012,ROW,Sn,
2012,ROW,Zn,
2013,CHN,Ni,
2013,CHN,Sn,
2013,CHN,Zn,
2013,EU27,Ni,
2013,EU27,Sn,
2013,EU27,Zn,
2013,ROW,Ni,
2013,ROW,Sn,
2013,ROW,Zn,
2014,CHN,Ni,
2014,CHN,Sn,
2014,CHN,Zn,
2014,EU27,Ni,
2014,EU27,Sn,
2014,EU27,Zn,
2014,ROW,Ni,
2014,ROW,Sn,
2014,ROW,Zn,
2015,CHN,Ni,
2015,CHN,Sn,
2015,CHN,Zn,
2015,EU27,Ni,
2015,EU27,Sn,
2015,EU27,Zn,
2015,ROW,Ni,
2015,ROW,Sn,
2015,ROW,Zn,
2016,CHN,Ni,
2016,CHN,Sn,
2016,CHN,Zn,
2016,EU27,Ni,
2016,EU27,Sn,
2016,EU27,Zn,
2016,ROW,Ni,
2016,ROW,Sn,
2016,ROW,Zn,
2017,CHN,Ni,
2017,CHN,Sn,
2017,CHN,Zn,
2017,EU27,Ni,
2017,EU27,Sn,
2017,EU27,Zn,
2017,ROW,Ni,
2017,ROW,Sn,
2017,ROW,Zn,
2018,CHN,Ni,
2018,CHN,Sn,
2018,CHN,Zn,
2018,EU27,Ni,
2018,EU27,Sn,
2018,EU27,Zn,
2018,ROW,Ni,
2018,ROW,Sn,
2018,ROW,Zn,
2019,CHN,Ni,
2019,CHN,Sn,
2019,CHN,Zn,
2019,EU27,Ni,
2019,EU27,Sn,
2019,EU27,Zn,
2019,ROW,Ni,
2019,ROW,Sn,
2019,ROW,Zn,
2020,CHN,Ni,
2020,CHN,Sn,
2020,CHN,Zn,
2020,EU27,Ni,
2020,EU27,Sn,
2020,EU27,Zn,
2020,ROW,Ni,
2020,ROW,Sn,
2020,ROW,Zn,
2021,CHN,Ni,
2021,CHN,Sn,
2021,CHN,Zn,
2021,EU27,Ni,
2021,EU27,Sn,
2021,EU27,Zn,
2021,ROW,Ni,
2021,ROW,Sn,
2021,ROW,Zn,
2022,CHN,Ni,
2022,CHN,Sn,
2022,CHN,Zn,
2022,EU27,Ni,
2022,EU27,Sn,
2022,EU27,Zn,
2022,ROW,Ni,
2022,ROW,Sn,
2022,ROW,Zn,
2023,CHN,Ni,
2023,CHN,Sn,
2023,CHN,Zn,
2023,EU27,Ni,
2023,EU27,Sn,
2023,EU27,Zn,
2023,ROW,Ni,
2023,ROW,Sn,
2023,ROW,Zn,
2024,CHN,Ni,
2024,CHN,Sn,
2024,CHN,Zn,
2024,EU27,Ni,
2024,EU27,Sn,
2024,EU27,Zn,
2024,ROW,Ni,
2024,ROW,Sn,
2024,ROW,Zn,
2025,CHN,Ni,
2025,CHN,Sn,
2025,CHN,Zn,
2025,EU27,Ni,
2025,EU27,Sn,
2025,EU27,Zn,
2025,ROW,Ni,
2025,ROW,Sn,
2025,ROW,Zn,
2026,CHN,Ni,
2026,CHN,Sn,
2026,CHN,Zn,
2026,EU27,Ni,
2026,EU27,Sn,
2026,EU27,Zn,
2026,ROW,Ni,
2026,ROW,Sn,
2026,ROW,Zn,
2027,CHN,Ni,
2027,CHN,Sn,
2027,CHN,Zn,
2027,EU27,Ni,
2027,EU27,Sn,
2027,EU27,Zn,
2027,ROW,Ni,
2027,ROW,Sn,
2027,ROW,Zn,
2028,CHN,Ni,
2028,CHN,Sn,
2028,CHN,Zn,
2028,EU27,Ni,
2028,EU27,Sn,
2028,EU27,Zn,
2028,ROW,Ni,
2028,ROW,Sn,
2028,ROW,Zn,
2029,CHN,Ni,
2029,CHN,Sn,
2029,CHN,Zn,
2029,EU27,Ni,
2029,EU27,Sn,
2029,EU27,Zn,
2029,ROW,Ni,
2029,ROW,Sn,
2029,ROW,Zn,
2030,CHN,Ni,
2030,CHN,Sn,
2030,CHN,Zn,
2030,EU27,Ni,
2030,EU27,Sn,
2030,EU27,Zn,
2030,ROW,Ni,
2030,ROW,Sn,
2030,ROW,Zn,
2031,CHN,Ni,
2031,CHN,Sn,
2031,CHN,Zn,
2031,EU27,Ni,
2031,EU27,Sn,
2031,EU27,Zn,
2031,ROW,Ni,
2031,ROW,Sn,
2031,ROW,Zn,
2032,CHN,Ni,
2032,CHN,Sn,
2032,CHN,Zn,
2032,EU27,Ni,
2032,EU27,Sn,
2032,EU27,Zn,
2032,ROW,Ni,
2032,ROW,Sn,
2032,ROW,Zn,
2033,CHN,Ni,
2033,CHN,Sn,
2033,CHN,Zn,
2033,EU27,Ni,
2033,EU27,Sn,
2033,EU27,Zn,
2033,ROW,Ni,
2033,ROW,Sn,
2033,ROW,Zn,
2034,CHN,Ni,
2034,CHN,Sn,
2034,CHN,Zn,
2034,EU27,Ni,
2034,EU27,Sn,
2034,EU27,Zn,
2034,ROW,Ni,
2034,ROW,Sn,
2034,ROW,Zn,
2035,CHN,Ni,
2035,CHN,Sn,
2035,CHN,Zn,
2035,EU27,Ni,
2035,EU27,Sn,
2035,EU27,Zn,
2035,ROW,Ni,
2035,ROW,Sn,
2035,ROW,Zn,
2036,CHN,Ni,
2036,CHN,Sn,
2036,CHN,Zn,
2036,EU27,Ni,
2036,EU27,Sn,
2036,EU27,Zn,
2036,ROW,Ni,
2036,ROW,Sn,
2036,ROW,Zn,
2037,CHN,Ni,
2037,CHN,Sn,
2037,CHN,Zn,
2037,EU27,Ni,
2037,EU27,Sn,
2037,EU27,Zn,
2037,ROW,Ni,
2037,ROW,Sn,
2037,ROW,Zn,
2038,CHN,Ni,
2038,CHN,Sn,
2038,CHN,Zn,
2038,EU27,Ni,
2038,EU27,Sn,
2038,EU27,Zn,
2038,ROW,Ni,
2038,ROW,Sn,
2038,ROW,Zn,
2039,CHN,Ni,
2039,CHN,Sn,
2039,CHN,Zn,
2039,EU27,Ni,
2039,EU27,Sn,
2039,EU27,Zn,
2039,ROW,Ni,
2039,ROW,Sn,
2039,ROW,Zn,
2040,CHN,Ni,
2040,CHN,Sn,
2040,CHN,Zn,
2040,EU27,Ni,
2040,EU27,Sn,
2040,EU27,Zn,
2040,ROW,Ni,
2040,ROW,Sn,
2040,ROW,Zn,
2041,CHN,Ni,
2041,CHN,Sn,
2041,CHN,Zn,
2041,EU27,Ni,
2041,EU27,Sn,
2041,EU27,Zn,
2041,ROW,Ni,
2041,ROW,Sn,
2041,ROW,Zn,
2042,CHN,Ni,
2042,CHN,Sn,
2042,CHN,Zn,
2042,EU27,Ni,
2042,EU27,Sn,
2042,EU27,Zn,
2042,ROW,Ni,
2042,ROW,Sn,
2042,ROW,Zn,
2043,CHN,Ni,
2043,CHN,Sn,
2043,CHN,Zn,
2043,EU27,Ni,
2043,EU27,Sn,
2043,EU27,Zn,
2043,ROW,Ni,
2043,ROW,Sn,
2043,ROW,Zn,
2044,CHN,Ni,
2044,CHN,Sn,
2044,CHN,Zn,
2044,EU27,Ni,
2044,EU27,Sn,
2044,EU27,Zn,
2044,ROW,Ni,
2044,ROW,Sn,
2044,ROW,Zn,
2045,CHN,Ni,
2045,CHN,Sn,
2045,CHN,Zn,
2045,EU27,Ni,
2045,EU27,Sn,
2045,EU27,Zn,
2045,ROW,Ni,
2045,ROW,Sn,
2045,ROW,Zn,
2046,CHN,Ni,
2046,CHN,Sn,
2046,CHN,Zn,
2046,EU27,Ni,
2046,EU27,Sn,
2046,EU27,Zn,
2046,ROW,Ni,
2046,ROW,Sn,
2046,ROW,Zn,
2047,CHN,Ni,
2047,CHN,Sn,
2047,CHN,Zn,
2047,EU27,Ni,
2047,EU27,Sn,
2047,EU27,Zn,
2047,ROW,Ni,
2047,ROW,Sn,
2047,ROW,Zn,
2048,CHN,Ni,
2048,CHN,Sn,
2048,CHN,Zn,
2048,EU27,Ni,
2048,EU27,Sn,
2048,EU27,Zn,
2048,ROW,Ni,
2048,ROW,Sn,
2048,ROW,Zn,
2049,CHN,Ni,
2049,CHN,Sn,
2049,CHN,Zn,
2049,EU27,Ni,
2049,EU27,Sn,
2049,EU27,Zn,
2049,ROW,Ni,
2049,ROW,Sn,
2049,ROW,Zn,
2050,CHN,Ni,
2050,CHN,Sn,
2050,CHN,Zn,
2050,EU27,Ni,
2050,EU27,Sn,
2050,EU27,Zn,
2050,ROW,Ni,
2050,ROW,Sn,
2050,ROW,Zn,
2051,CHN,Ni,
2051,CHN,Sn,
2051,CHN,Zn,
2051,EU27,Ni,
2051,EU27,Sn,
2051,EU27,Zn,
2051,ROW,Ni,
2051,ROW,Sn,
2051,ROW,Zn,
2052,CHN,Ni,
2052,CHN,Sn,
2052,CHN,Zn,
2052,EU27,Ni,
2052,EU27,Sn,
2052,EU27,Zn,
2052,ROW,Ni,
2052,ROW,Sn,
2052,ROW,Zn,
2053,CHN,Ni,
2053,CHN,Sn,
2053,CHN,Zn,
2053,EU27,Ni,
2053,EU27,Sn,
2053,EU27,Zn,
2053,ROW,Ni,
2053,ROW,Sn,
2053,ROW,Zn,
2054,CHN,Ni,
2054,CHN,Sn,
2054,CHN,Zn,
2054,EU27,Ni,
2054,EU27,Sn,
2054,EU27,Zn,
2054,ROW,Ni,
2054,ROW,Sn,
2054,ROW,Zn,
2055,CHN,Ni,
2055,CHN,Sn,
2055,CHN,Zn,
2055,EU27,Ni,
2055,EU27,Sn,
2055,EU27,Zn,
2055,ROW,Ni,
2055,ROW,Sn,
2055,ROW,Zn,
2056,CHN,Ni,
2056,CHN,Sn,
2056,CHN,Zn,
2056,EU27,Ni,
2056,EU27,Sn,
2056,EU27,Zn,
2056,ROW,Ni,
2056,ROW,Sn,
2056,ROW,Zn,
2057,CHN,Ni,
2057,CHN,Sn,
2057,CHN,Zn,
2057,EU27,Ni,
2057,EU27,Sn,
2057,EU27,Zn,
2057,ROW,Ni,
2057,ROW,Sn,
2057,ROW,Zn,
2058,CHN,Ni,
2058,CHN,Sn,
2058,CHN,Zn,
2058,EU27,Ni,
2058,EU27,Sn,
2058,EU27,Zn,
2058,ROW,Ni,
2058,ROW,Sn,
2058,ROW,Zn,
2059,CHN,Ni,
2059,CHN,Sn,
2059,CHN,Zn,
2059,EU27,Ni,
2059,EU27,Sn,
2059,EU27,Zn,
2059,ROW,Ni,
2059,ROW,Sn,
2059,ROW,Zn,
2060,CHN,Ni,
2060,CHN,Sn,
2060,CHN,Zn,
2060,EU27,Ni,
2060,EU27,Sn,
2060,EU27,Zn,
2060,ROW,Ni,
2060,ROW,Sn,
2060,ROW,Zn,
2061,CHN,Ni,
2061,CHN,Sn,
2061,CHN,Zn,
2061,EU27,Ni,
2061,EU27,Sn,
2061,EU27,Zn,
2061,ROW,Ni,
2061,ROW,Sn,
2061,ROW,Zn,
2062,CHN,Ni,
2062,CHN,Sn,
2062,CHN,Zn,
2062,EU27,Ni,
2062,EU27,Sn,
2062,EU27,Zn,
2062,ROW,Ni,
2062,ROW,Sn,
2062,ROW,Zn,
2063,CHN,Ni,
2063,CHN,Sn,
2063,CHN,Zn,
2063,EU27,Ni,
2063,EU27,Sn,
2063,EU27,Zn,
2063,ROW,Ni,
2063,ROW,Sn,
2063,ROW,Zn,
2064,CHN,Ni,
2064,CHN,Sn,
2064,CHN,Zn,
2064,EU27,Ni,
2064,EU27,Sn,
2064,EU27,Zn,
2064,ROW,Ni,
2064,ROW,Sn,
2064,ROW,Zn,
2065,CHN,Ni,
2065,CHN,Sn,
2065,CHN,Zn,
2065,EU27,Ni,
2065,EU27,Sn,
2065,EU27,Zn,
2065,ROW,Ni,
2065,ROW,Sn,
2065,ROW,Zn,
2066,CHN,Ni,
2066,CHN,Sn,
2066,CHN,Zn,
2066,EU27,Ni,
2066,EU27,Sn,
2066,EU27,Zn,
2066,ROW,Ni,
2066,ROW,Sn,
2066,ROW,Zn,
2067,CHN,Ni,
2067,CHN,Sn,
2067,CHN,Zn,
2067,EU27,Ni,
2067,EU27,Sn,
2067,EU27,Zn,
2067,ROW,Ni,
2067,ROW,Sn,
2067,ROW,Zn,
2068,CHN,Ni,
2068,CHN,Sn,
2068,CHN,Zn,
2068,EU27,Ni,
2068,EU27,Sn,
2068,EU27,Zn,
2068,ROW,Ni,
2068,ROW,Sn,
2068,ROW,Zn,
2069,CHN,Ni,
2069,CHN,Sn,
2069,CHN,Zn,
2069,EU27,Ni,
2069,EU27,Sn,
2069,EU27,Zn,
2069,ROW,Ni,
2069,ROW,Sn,
2069,ROW,Zn,
2070,CHN,Ni,
2070,CHN,Sn,
2070,CHN,Zn,
2070,EU27,Ni,
2070,EU27,Sn,
2070,EU27,Zn,
2070,ROW,Ni,
2070,ROW,Sn,
2070,ROW,Zn,
2071,CHN,Ni,
2071,CHN,Sn,
2071,CHN,Zn,
2071,EU27,Ni,
2071,EU27,Sn,
2071,EU27,Zn,
2071,ROW,Ni,
2071,ROW,Sn,
2071,ROW,Zn,
2072,CHN,Ni,
2072,CHN,Sn,
2072,CHN,Zn,
2072,EU27,Ni,
2072,EU27,Sn,
2072,EU27,Zn,
2072,ROW,Ni,
2072,ROW,Sn,
2072,ROW,Zn,
2073,CHN,Ni,
2073,CHN,Sn,
2073,CHN,Zn,
2073,EU27,Ni,
2073,EU27,Sn,
2073,EU27,Zn,
2073,ROW,Ni,
2073,ROW,Sn,
2073,ROW,Zn,
2074,CHN,Ni,
2074,CHN,Sn,
2074,CHN,Zn,
2074,EU27,Ni,
2074,EU27,Sn,
2074,EU27,Zn,
2074,ROW,Ni,
2074,ROW,Sn,
2074,ROW,Zn,
2075,CHN,Ni,
2075,CHN,Sn,
2075,CHN,Zn,
2075,EU27,Ni,
2075,EU27,Sn,
2075,EU27,Zn,
2075,ROW,Ni,
2075,ROW,Sn,
2075,ROW,Zn,
2076,CHN,Ni,
2076,CHN,Sn,
2076,CHN,Zn,
2076,EU27,Ni,
2076,EU27,Sn,
2076,EU27,Zn,
2076,ROW,Ni,
2076,ROW,Sn,
2076,ROW,Zn,
2077,CHN,Ni,
2077,CHN,Sn,
2077,CHN,Zn,
2077,EU27,Ni,
2077,EU27,Sn,
2077,EU27,Zn,
2077,ROW,Ni,
2077,ROW,Sn,
2077,ROW,Zn,
2078,CHN,Ni,
2078,CHN,Sn,
2078,CHN,Zn,
2078,EU27,Ni,
2078,EU27,Sn,
2078,EU27,Zn,
2078,ROW,Ni,
2078,ROW,Sn,
2078,ROW,Zn,
2079,CHN,Ni,
2079,CHN,Sn,
2079,CHN,Zn,
2079,EU27,Ni,
2079,EU27,Sn,
2079,EU27,Zn,
2079,ROW,Ni,
2079,ROW,Sn,
2079,ROW,Zn,
2080,CHN,Ni,
2080,CHN,Sn,
2080,CHN,Zn,
2080,EU27,Ni,
2080,EU27,Sn,
2080,EU27,Zn,
2080,ROW,Ni,
2080,ROW,Sn,
2080,ROW,Zn,
2081,CHN,Ni,
2081,CHN,Sn,
2081,CHN,Zn,
2081,EU27,Ni,
2081,EU27,Sn,
2081,EU27,Zn,
2081,ROW,Ni,
2081,ROW,Sn,
2081,ROW,Zn,
2082,CHN,Ni,
2082,CHN,Sn,
2082,CHN,Zn,
2082,EU27,Ni,
2082,EU27,Sn,
2082,EU27,Zn,
2082,ROW,Ni,
2082,ROW,Sn,
2082,ROW,Zn,
2083,CHN,Ni,
2083,CHN,Sn,
2083,CHN,Zn,
2083,EU27,Ni,
2083,EU27,Sn,
2083,EU27,Zn,
2083,ROW,Ni,
2083,ROW,Sn,
2083,ROW,Zn,
2084,CHN,Ni,
2084,CHN,Sn,
2084,CHN,Zn,
2084,EU27,Ni,
2084,EU27,Sn,
2084,EU27,Zn,
2084,ROW,Ni,
2084,ROW,Sn,
2084,ROW,Zn,
2085,CHN,Ni,
2085,CHN,Sn,
2085,CHN,Zn,
2085,EU27,Ni,
2085,EU27,Sn,
2085,EU27,Zn,
2085,ROW,Ni,
2085,ROW,Sn,
2085,ROW,Zn,
2086,CHN,Ni,
2086,CHN,Sn,
2086,CHN,Zn,
2086,EU27,Ni,
2086,EU27,Sn,
2086,EU27,Zn,
2086,ROW,Ni,
2086,ROW,Sn,
2086,ROW,Zn,
2087,CHN,Ni,
2087,CHN,Sn,
2087,CHN,Zn,
2087,EU27,Ni,
2087,EU27,Sn,
2087,EU27,Zn,
2087,ROW,Ni,
2087,ROW,Sn,
2087,ROW,Zn,
2088,CHN,Ni,
2088,CHN,Sn,
2088,CHN,Zn,
2088,EU27,Ni,
2088,EU27,Sn,
2088,EU27,Zn,
2088,ROW,Ni,
2088,ROW,Sn,
2088,ROW,Zn,
2089,CHN,Ni,
2089,CHN,Sn,
2089,CHN,Zn,
2089,EU27,Ni,
2089,EU27,Sn,
2089,EU27,Zn,
2089,ROW,Ni,
2089,ROW,Sn,
2089,ROW,Zn,
2090,CHN,Ni,
2090,CHN,Sn,
2090,CHN,Zn,
2090,EU27,Ni,
2090,EU27,Sn,
2090,EU27,Zn,
2090,ROW,Ni,
2090,ROW,Sn,
2090,ROW,Zn,
2091,CHN,Ni,
2091,CHN,Sn,
2091,CHN,Zn,
2091,EU27,Ni,
2091,EU27,Sn,
2091,EU27,Zn,
2091,ROW,Ni,
2091,ROW,Sn,
2091,ROW,Zn,
2092,CHN,Ni,
2092,CHN,Sn,
2092,CHN,Zn,
2092,EU27,Ni,
2092,EU27,Sn,
2092,EU27,Zn,
2092,ROW,Ni,
2092,ROW,Sn,
2092,ROW,Zn,
2093,CHN,Ni,
2093,CHN,Sn,
2093,CHN,Zn,
2093,EU27,Ni,
2093,EU27,Sn,
2093,EU27,Zn,
2093,ROW,Ni,
2093,ROW,Sn,
2093,ROW,Zn,
2094,CHN,Ni,
2094,CHN,Sn,
2094,CHN,Zn,
2094,EU27,Ni,
2094,EU27,Sn,
2094,EU27,Zn,
2094,ROW,Ni,
2094,ROW,Sn,
2094,ROW,Zn,
2095,CHN,Ni,
2095,CHN,Sn,
2095,CHN,Zn,
2095,EU27,Ni,
2095,EU27,Sn,
2095,EU27,Zn,
2095,ROW,Ni,
2095,ROW,Sn,
2095,ROW,Zn,
2096,CHN,Ni,
2096,CHN,Sn,
2096,CHN,Zn,
2096,EU27,Ni,
2096,EU27,Sn,
2096,EU27,Zn,
2096,ROW,Ni,
2096,ROW,Sn,
2096,ROW,Zn,
2097,CHN,Ni,
2097,CHN,Sn,
2097,CHN,Zn,
2097,EU27,Ni,
2097,EU27,Sn,
2097,EU27,Zn,
2097,ROW,Ni,
2097,ROW,Sn,
2097,ROW,Zn,
2098,CHN,Ni,
2098,CHN,Sn,
2098,CHN,Zn,
2098,EU27,Ni,
2098,EU27,Sn,
2098,EU27,Zn,
2098,ROW,Ni,
2098,ROW,Sn,
2098,ROW,Zn,
2099,CHN,Ni,
2099,CHN,Sn,
2099,CHN,Zn,
2099,EU27,Ni,
2099,EU27,Sn,
2099,EU27,Zn,
2099,ROW,Ni,
2099,ROW,Sn,
2099,ROW,Zn,
2100,CHN,Ni,
2100,CHN,Sn,
2100,CHN,Zn,
2100,EU27,Ni,
2100,EU27,Sn,
2100,EU27,Zn,
2100,ROW,Ni,
2100,ROW,Sn,
2100,ROW,Zn,
